ArtefactID,Image,BasicObject,Object,Typology,BasicType,SiteNameFull,County,Region,Lon,Lat,MetalAssemblage,MusAcc,CatalogueIDs,PublishTypes
376,376.jpg,Flat Axe,Flat Axe,II/2D,Class 2,"Paul, Penolva (Stitches Field)",Cornwall,Southwestern England,-5.551279607,50.08849656,MA 1 and 2,"Penlee House Gallery and Museum, Penzance PEZPH : 84/42",Needham1983:Cw5;Pearce183:114;Needham2017:16;Knight2018:PHGM-F001,Needham2017:Class 2D (Halberton type)
377,377.jpg,Low-flanged Axe,Low-flanged Axe,Class 4Ec,Class 4,Penquite,Cornwall,Southwestern England,-4.644431,50.366732,MA 4 and 5,"Royal Cornwall Museum, Truro TRURI : 1919.2",Needham1983:Cw11;Pearce1983:133,Needham1983:Class 4Ec
385,385.jpg,Flat Axe,Flat Axe,II/2B,Class 2,"Bridestowe, Burley Camp",Devon,Southwestern England,-4.130336064,50.66812604,MA 1 and 2,Plymouth City Museum and Art Gallery PLYMG : 379,Needham1983:Dv1;Pearce1983:195;Needham2017:4;Knight2018:PCMAG-F002,Needham2017:Class 2A (Burley Camp type)
396,396.jpg,Flat Axe,Flat Axe,II/2D,Class 2,"Halberton, Rowridge Farm",Devon,Southwestern England,-3.435261725,50.89189956,MA 1 and 2,"Royal Albert Memorial Museum, Exeter EXEMS : 38/1936","Needham1983:Dv5,Dv10;Pearce1983:239;Needham2017:15",Needham2017:Class 2D (Halberton type)
398,398.jpg,Flat Axe,Flat Axe,II/2B,Class 2,"Hayne, Old Cleeve",Somerset,Southwestern England,-3.385301441,51.12451675,MA 1 and 2,Somerset County Museum (Taunton Castle) TTNCM : 80D,Rowlands1976:113;Needham1983:So5/1;Pearce1983:700;Knight2018:TTNCM-F023a,Needham2017:Class 2B (Lode type)
407,407.jpg,Flat Axe,Flat Axe,Class 3B/D,Class 3,Wellington (near Wellington Monument?),Somerset,Southwestern England,-3.232771595,50.9504191,MA 3,Somerset County Museum (Taunton Castle) TTNCM : unknown,Needham1983:So10,Needham1983:Class 3B/D
410,410.jpg,Low-flanged Axe,Low-flanged Axe,Class 4Ea,Class 4,"Cross Dyke and Blackbury Camp  (near), Southleigh",Devon,Southwestern England,-3.152289197,50.71787643,MA 4 and 5,"Royal Albert Memorial Museum, Exeter EXEMS : 400",Needham1983:Dv12;Pearce1983:297;Knight2018:RAMM-F034,Needham1983:Class 4Ea
412,412.jpg,Flat Axe,Flat Axe,,Class 3,"Staple Fitzpaine, Castle Neroche",Somerset,Southwestern England,-3.0331093,50.93437128,,Somerset County Museum (Taunton Castle) TTNCM : 1B,Needham1983:So8;Pearce1983:742;Knight2018:TTNCM-F052,Needham1983:Class 3C
424,424.jpg,Low-flanged Axe,Low-flanged Axe,Class 4Ea,Class 4,"Winterbourne Steepleton, Glebe Farm",Dorset,Southwestern England,-2.532396684,50.70392127,MA 4 and 5,Dorset County Museum DORCM : 1892.30.1,Needham1983:Ds14;Pearce1983:513;Knight2018:DCM-F016;Needham2017:61,Needham2017:Class 4E (Glebe Farm type)
426,426.jpg,Flat Axe,Flat Axe,Low Flanged,Class 4,"Weymouth, Ridgeway, Barrow G8, Grave Group B",Dorset,Southwestern England,-2.48632,50.678179,MA 4 and 5,Dorset County Museum DORCM : 1884.9.20,Needham1983:Ds11/1;Pearce1983:471;Knight2018:DCM-F043,Needham1983:Class 4Ec (Hilgay style?)
427,427.jpg,Flat Axe,Flat Axe (diminutive),II/2D,Class 2,"Weymouth, Jordan Hill",Dorset,Southwestern England,-2.4263267,50.64095845,MA 1 and 2,Dorset County Museum DORCM : 1885.16.2,Needham1983:Ds9;Pearce1983:479;Needham2017:19;Knight2018:DCM-F021,Needham2017:Class 2D (Halberton type)
430,430.jpg,Flat Axe,Flat Axe,Class 3Ab,Class 3,Lansdown,Avon,Southwestern England,-2.39682245,51.41484488,MA 3,"British Museum BM : 1964,1206.11",Pearce1983:691;Needham1983:Av8;RohlNeedham1998:38;Needham2017:24,Needham2017:Class 3A (Lansdown type)
435,435.jpg,Flat Axe,Flat Axe,Class 4D,Class 4,"Bere Regis, Muddox Barrow (near)",Dorset,Southwestern England,-2.210529266,50.76924503,MA 4 and 5,Dorset County Museum DORCM : 0.51.1,Needham1983:Ds2;Pearce1983:341;Knight2018:DCM-F028,Needham1983:Class 4D
450,450.jpg,Flat Axe,Flat Axe,3-1??,Class 3,Hindlow,Derbyshire,Central England,-1.8729,53.2203,MA 1 and 2,"Hunterian Museum, Glasgow GLAHM : B.1914.269 (formerly B11)",Needham1983:Dy7/1,Needham1983:Class 2/3A
454,454.jpg,Flat Axe,Flat Axe,Class 3E/F,Class 3,Parwich Moor,Derbyshire,Central England,-1.7205,53.0873,MA 3,"British Museum BM : 1964,1206.12",Vine1982:690;Needham1983:Dy14,Needham1983:Class 3E
459,459.jpg,Low-flanged Axe,Low-flanged Axe,Class 3F,Class 3,Highlow,Derbyshire,Central England,-1.669718,53.318272,MA 4 and 5,private ownership,Needham1983:Dy8/1,Needham1983:Class 3F
463,463.jpg,Low-flanged Axe,Low-flanged Axe,Class 3F,Class 3,"Beeley, Burnt Wood",Derbyshire,Central England,-1.598033611,53.19895026,MA 4 and 5,"Weston Park Museum, Sheffield SHEFG : J93.474",Vine1982:682;Needham1983:Dy2,Needham2017:Class 3F (Moot Low type)
471,471.jpg,Flat Axe,Flat Axe,Class 3B (Killaha),Class 3,"Oddington, Thornes Farm (near), Oaklands",Gloucestershire,Southwestern England,-1.675808746,51.915927,MA 3,Cheltenham Art Gallery and Museum CHLGM : 1980:2182,Needham1983:Gs5/1;RohlNeedham1998:43;Needham2017:37,Needham2017:Class 3E (Brithdir type)
473,473.jpg,Flat Axe,Flat Axe,Class 3E,Class 3,Cholsey,Oxfordshire,Central England,-1.158614,51.578846,MA 3,Reading Museum REDMG : AL.44,Needham1983:Ox4,Needham2017:Class 3E (Brithdir type)
482,482.jpg,Flat Axe,Flat Axe,Class 4A,Class 4,Kettering,Northamptonshire,Central England,-0.72292,52.39312,MA 3,British Museum BM : WG.1792,Needham1983:NP2;RohlNeedham1998:36;Needham2017:48,Needham2017:Class 4A (Kettering type)
483,483.jpg,Flat Axe,Flat Axe,Class 3A/B,Class 3,"Bray (400 yards above, River Thames)",River Thames,Central England,-0.699423206,51.50968978,MA 3,Reading Museum REDMG : 1952.44.1,Needham1983:BB2;Needham2017:27,Needham2017:Class 3B (Boreland type)
484,484.jpg,Flat Axe,Flat Axe,Class 3E/F,Class 3,Knapton,North Yorkshire,North and Scotland,-1.144956,53.960308,MA 3,British Museum BM : WG.1810,SchmidtBurgess1981:220;RohlNeedham1998:37;Needham2017:46,Needham2017:Class 3G (Knapton type);SchmidtBurgess1981:Migdale type (Biggar variant)
496,496.jpg,Flat Axe,Flat Axe,Class 3D,Class 3,"North Kyme, St Luke's Church (in a field at rear of)",Lincolnshire,Central England,-0.28078,53.059205,MA 3,Peterborough Museum and Art Gallery PETMG : 4.1977,Needham1983:Li6,Needham1983:Class 3D
498,498.jpg,Low-flanged Axe,Low-flanged Axe,Class 4Ab,Class 4,"Walton-on-the-Hill, Walton Heath",Surrey,Central England,-0.243897,51.2826,MA 3,"British Museum BM : 1980,0302.1",Needham1983:Sy9,Needham2017:Class 4A (Kettering type)
501,501.jpg,Flat Axe,Flat Axe,Class 3E,Class 3,"Battersea (opposite Prices Candle Works, River Thames)",Greater London,Central England,-0.181436,51.466908,MA 3,"British Museum BM : 1906,0702.1",Needham1983:GL8;Needham2017:38,Needham2017:Class 3E (Brithdir type)
502,502.jpg,Low-flanged Axe,Low-flanged Axe,Class 4Ec,Class 4,Kingston (River Thames),Greater London,Central England,-0.30871,51.4103,MA 4 and 5,British Museum BM : WG.1727,Needham1983:GL16,Needham1983:Class 4Ec (reworked)
504,504.jpg,Flat Axe,Flat Axe,Class 3B (Killaha),Class 3,Lewes,East Sussex,Central England,-0.004333446,50.8769249,MA 3,"British Museum BM : 1960,1107.3",Needham1983:Sx17;RohlNeedham1998:39,Needham1983:Class 3B
510,510.jpg,Flat Axe,Flat Axe,Class 3C,Class 3,Littleport,Cambridgeshire,Eastern England,0.308814,52.449402,MA 3,British Museum BM : WG.1793,Needham1983:Ca28,Needham2017:Class 3C (Harlyn Bay type)
511,511.jpg,Flat Axe,Flat Axe,Class 3B (Killaha),Class 3,Burwell Fen,Cambridgeshire,Eastern England,0.291696,52.297142,MA 3,"Museum of Archaeology and Anthropology, Cambridge CAMAA : 1911.210 (1911.504)",Needham1983:Ca4,Needham1983:Class 3B
512,512.jpg,Flat Axe,Flat Axe,Class 3E,Class 3,Burwell Fen,Cambridgeshire,Eastern England,0.291696,52.297142,MA 3,"Museum of Archaeology and Anthropology, Cambridge CAMAA : Z 4276 (1913.184)",Needham1983:Ca3,Needham1983:Class 3E
514,514.jpg,Flat Axe,Flat Axe,Class 3Ab,Class 3,Exning,Suffolk,Eastern England,0.3501,52.2667,MA 3,"British Museum BM : 1866,0627.9",Needham1983:Sf5;RohlNeedham1998:35;Pendleton1999:15,Needham1983:Class 3Ab (Exning style)
518,518.jpg,Flat Axe,Flat Axe,Class 3/4,Class 4,Fordham,Cambridgeshire,Eastern England,0.396818028,52.30827313,,"Museum of Archaeology and Anthropology, Cambridge CAMAA : Z 30951",Needham1983:Ca18,Needham1983:Class 3/4
521,521.jpg,Flat Axe,Flat Axe,II/2D,Class 2,"Etchingham (Burwash), Shoyswell Manor",Sussex,Central England,0.385542519,50.99552078,MA 1 and 2,"British Museum BM : 1927,0713.1",Needham1983:Sx9;RohlNeedham1998:11,Needham2017:Class 2D (Halberton type)
524,524.jpg,Flat Axe,Flat Axe,Class 4Ea,Class 4,Heacham Brickfield,Norfolk,Eastern England,0.494164669,52.89833511,MA 4 and 5,Norwich Castle Museum NWHCM : 1926.48,Needham1983:Nf22,Needham1983:Class 4Ea
528,528.jpg,Flat Axe,Flat Axe,Class 3E,Class 3,Mildenhall,Suffolk,Eastern England,0.5089,52.34461,MA 3,"Ashmolean Museum, Oxford OXFAS : 1927.2361",Needham1983:Sf22,Needham1983:Class 3E (Cockertons style)
529,529.jpg,Flat Axe,Flat Axe,Class 2B,Class 2,Eriswell,Suffolk,Eastern England,0.539038,52.366848,MA 1 and 2,"Ashmolean Museum, Oxford OXFAS : 1927.2359",Needham1983:Sf4;;Pendleton1999:12,Needham2017:Class 2B (Lode type)
530,530.jpg,Low-flanged Axe,Low-flanged Axe (diminutive),Class 4C,Class 4,Gooderstone,Norfolk,Eastern England,0.604204108,52.59163725,MA 4 and 5,Norwich Castle Museum NWHCM : 1971.210,Needham1983:NF18;Needham2017:103,Needham1983:Class 4B/C (axe-chisel)
535,535.jpg,Flat Axe,Flat Axe,Class 3Ab,Class 3,"East Bradenham, Leys Farm",Norfolk,Eastern England,0.873704485,52.64834977,MA 3,Norwich Castle Museum NWHCM : 1965.83,Needham1983:Nf3,Needham1983:Class 3Ab (Bradenham style)
536,536.jpg,Flat Axe,Flat Axe,II/2B,Class 2,"Hardingham, Old Hall Farm",Norfolk,Eastern England,1.004409903,52.60414252,MA 1 and 2,Norwich Castle Museum NWHCM : 1955.193,Needham1983:Nf19,Needham2017:Class 2B (Lode type)
539,539.jpg,Flat Axe,Flat Axe,Class 3B (Killaha),Class 3,Cawston,Norfolk,Eastern England,1.178657363,52.77545491,MA 3,Norwich Castle Museum NWHCM : 1894.76.749,Needham1983:Nf10,Needham1983:Class 3B
540,540.jpg,Flat Axe,Flat Axe,Class 3D,Class 3,"Cringleford, Colney Lane, Tudor Hill",Norfolk,Eastern England,1.237373238,52.61238869,MA 3,Norwich Castle Museum NWHCM : 1929.12,Needham1983:Nf12,Needham1983:Class 3D
541,541.jpg,Flat Axe,Flat Axe,II/2C,Class 2,"West Runton, Church Farm (opposite West Runton Church)",Norfolk,Eastern England,1.249913716,52.93540212,MA 1 and 2,Norwich Castle Museum NWHCM : 1924.64,Needham1983:Nf47,Needham1983:Class 2C
543,543.jpg,Low-flanged Axe,Low-flanged Axe,Class 4B,Class 4,"Hevingham, Buxton Heath",Norfolk,Eastern England,1.226214911,52.74777464,MA 4 and 5,Norwich Castle Museum NWHCM : 1953.105,Needham1983:Nf24,Needham2017:Class 4B (Aylesford type)
546,546.jpg,Flat Axe,Flat Axe,Class 3E,Class 3,Pont Caradog / Brithdir,Mid Glamorgan,Wales,-3.247870431,51.69616187,MA 3,British Museum BM : WG.1801,RohlNeedham1998:30;Needham2017:36;NorthoverND:33,Needham1983:Class 3E (Brithdir style);SchmidtBurgess1981:Killaha type
547,547.jpg,Flat Axe,Flat Axe,Class 4Ab,Class 4,Pont Caradog / Brithdir,Mid Glamorgan,Wales,-3.247870431,51.69616187,MA 3,British Museum BM : WG.1802,Needham2017:49;RohlNeedham1998:31;NorthoverND:55;GwiltLodwickND:43,LodwickGwiltND:Class 4A (Walton Heath type);Needham2017:Class 4A (Kettering type);NorthoverND:Aylesford/Newport type;SchmidtBurgess1981:Developed (Aylesford type)
676,676.jpg,Low-flanged Axe,Low-flanged Axe,Class 4D,Class 4,"Willerby, Wold Farm Greenwell barrow 235",Yorkshire,North and Scotland,-0.446534911,54.17426066,MA 4 and 5,British Museum BM : WG.1807,SchmidtBurgess1981:328;Needham2017:59,Needham2017:Class 4D (Cardiff Castle type);SchmidtBurgess1981:Developed (Falkland type)
729,729.jpg,Flanged Axe,Flanged Axe,Class 5Cb,Class 5,Grunty Fen,Cambridgeshire,Eastern England,0.194747361,52.37514477,MA 6,Alnwick Castle Museum ALWAM : 197,Needham1983:Ca43/1;Needham2017:91,Needham2017:Class 5D (Staunton type)
730,730.jpg,Low-flanged Axe,Low-flanged Axe,Class 4C,Class 4,"Weymouth, Preston Down",Dorset,Southwestern England,-2.426838393,51.54961256,MA 4 and 5,"Ashmolean Museum, Oxford OXFAS : 1927.2362",Needham1983:Ds10;Pearce1983:480;Knight2018:ASH-F009,Needham1983:Class 4C (Clunbury style)
731,731.jpg,Flat Axe,Flat Axe,Class 3F,Class 3,"Icklingham, Site of British Village",Suffolk,Eastern England,0.60407,52.32408,MA 4 and 5,"Ashmolean Museum, Oxford OXFAS : 1927.2367",Needham1983:Sf10;Pendleton1999:17,Needham1983:Class 3F (Hartle Moor style)
734,734.jpg,Flanged Axe,Flanged Axe,Class 5Ca,Class 5,Weymouth (near),Dorset,Southwestern England,-2.460713815,50.61429853,MA 6,"Ashmolean Museum, Oxford OXFAS : 1927.2371",Needham1983:Ds13;Pearce1983:482;Knight2018:ASH-F008,Needham1983:Class 5Ca
736,736.jpg,Low-flanged Axe,Low-flanged Axe (diminutive),Class 4Eb,Class 4,"Mildenhall, Holywell Row",Suffolk,Eastern England,0.509364681,52.36573391,MA 4 and 5,"Ashmolean Museum, Oxford OXFAS : 1927.2373",Needham1983:Sf19;Pendleton1999:19,Needham1983:Class 4Eb (miniature)
739,739.jpg,Low-flanged Axe,Low-flanged Axe,Class 3E/F,Class 3,Newport Railway Station (near),Gwent,Wales,-2.999573661,51.59063885,MA 3,"Ashmolean Museum, Oxford OXFAS : 1927.2368",NorthoverND:57;Needham2017:44,Needham2017:Class 3G (Knapton type);NorthoverND:Aylesford/Newport type
740,740.jpg,Flat Axe,Flat Axe,Class 3B (Killaha),Class 3,Newport Railway Station (near),Gwent,Wales,-2.999573661,51.59063885,MA 3,"Ashmolean Museum, Oxford OXFAS : 1927.2369",NorthoverND:58;Needham2017:51,Needham2017:Class 4B (Aylesford type);NorthoverND:Aylesford/Newport type
741,741.jpg,Flat Axe,Flat Axe,Class 3E,Class 3,Pont Caradog / Brithdir,Mid Glamorgan,Wales,-3.247870431,51.69616187,MA 3,"Ashmolean Museum, Oxford OXFAS : 1927.2370",Needham2017:35;NorthoverND:34,Needham2017:Class 3E (Brithdir type);SchmidtBurgess1981:Killaha type
743,743.jpg,Flanged Axe,Flanged Axe,Class 5Cb,Class 5,"Staunton (Stanton), Forest of Dean",Gloucestershire,Southwestern England,-2.661363305,51.80927303,MA 6,"Ashmolean Museum, Oxford OXFAS : 1927.2580",Needham1983:GS7;Needham2017:90;NorthoverND:116,Needham2017:Class 5D (Staunton type);NorthoverND:Long-flanged (Cookstown/Bannockburn and cf types)
744,744.jpg,Low-flanged Axe,Low-flanged Axe,Class 3F,Class 3,"St Bertram??s Well, Ilam",Staffordshire,Central England,-1.800013902,53.0605802,MA 4 and 5,"Ashmolean Museum, Oxford OXFAS : NC 337",Vine1982:687;Needham1983:SD2;Needham2017:43,Needham2017:Class 3F (Moot Low type)
745,745.jpg,Flat Axe,Flat Axe,Class 4C,Class 4,"Long Wittenham Weir (near, River Thames), Appleford(?)",Oxfordshire,Central England,-1.213881039,51.6376735,MA 4 and 5,"Ashmolean Museum, Oxford OXFAS : PR 371",Needham1983:Ox1;Needham2017:55,Needham2017:Class 4C (Mount Pleasant type)
751,751.jpg,Flanged Axe,Flanged Axe,Class 5Cc,Class 5,Poslingford Hall Farm,Suffolk,Eastern England,0.590429567,52.10634529,MA 6,"British Museum BM : 1845,0510.4",Needham1983:SF26/4;;RohlNeedham1998:89;Needham2017:88,Needham2017:Class 5D (West Drayton type)
752,752.jpg,Low-flanged Axe,Low-flanged Axe,Class 3E/F,Class 3,Castle Rising,Norfolk,Eastern England,0.467850041,52.79237885,MA 3,"British Museum BM : 1866,0627.10",Needham1983:Nf9/1;RohlNeedham1998:33;Needham2017:39,Needham2017:Class 3E/3F borderline
753,753.jpg,Flanged Axe,Flanged Axe,Class 5Ea,Class 5,"Plymstock, Rocky Parks Field",Devon,Southwestern England,-4.075154328,50.36287258,MA 6,"British Museum BM : 1869,1220.12",InvArch2_HawkesSmith55:GB.9.14;Needham1983:Dv8/12;Needham2017:95;Pearce1983:285,Needham2017:Class 5E (cf 5B type)
754,754.jpg,Flanged Axe,Flanged Axe,Class 5F,Class 5,"Plymstock, Rocky Parks Field",Devon,Southwestern England,-4.075154328,50.36287258,MA 6,"British Museum BM : 1869,1220.6",InvArch2_HawkesSmith55:GB.9.9;Needham1983:Dv8/6;Needham2017:94;Pearce1983:285,Needham2017:Class 5E (Clifton type)
755,755.jpg,Flat Axe,Flat Axe,Class 3G,Class 3,"Tower of London (near, River Thames)",Greater London,Central England,-0.076327,51.507645,MA 4 and 5,"British Museum BM : 1875,0401.4","Needham1983:GL22,;Needham2017:45",Needham2017:Class 3G (Knapton type)
756,756.jpg,Flanged Axe,Flanged Axe,Class 5Ca,Class 5,"Osmington, White Horse Hill",Dorset,Southwestern England,-2.404480668,50.65780799,MA 6,"British Museum BM : 1875,0401.6",Needham1983:Ds5;Pearce1983:427;Needham2017:87,Needham2017:Class 5D (West Drayton type)
757,757.jpg,Flat Axe,Flat Axe,Class 3Ac,Class 3,Yaxley Fen,Huntingdonshire,Central England,-0.225971956,52.50808524,MA 3,"British Museum BM : 1882,0621.2",Needham1983:Ca44;Needham2017:25,Needham2017:Class 3A (Lansdown type)
758,758.jpg,Flat Axe,Flat Axe,II/2C,Class 2,"Hounslow, St Margarets, Chapel Fields",Greater London,Central England,-0.320099,51.461932,MA 1 and 2,"British Museum BM : 1891,0514.60",Needham1983:GL3;RohlNeedham1998:12;Needham2017:14,Needham2017:Class 2C (Ironbridge type)
759,759.jpg,Flanged Axe,Flanged Axe,Class 5B,Class 5,Bisham (River Thames),Berks / Bucks,Central England,-0.782397335,51.56205872,MA 6,"British Museum BM : 1893,1219.1",Needham1983:BB1;Needham2017:83,Needham2017:Class 5C (Bisham type)
761,761.jpg,Flanged Axe,Flanged Axe,Class 5Ca,Class 5,West Drayton Railway Station,Greater London,Central England,-0.471403,51.509053,MA 6,"British Museum BM : 1933,0406.124",Needham1983:GL23;Needham2017:86,Needham2017:Class 5D (West Drayton type)
763,763.jpg,Flat Axe,Flat Axe,Class 3D,Class 3,Barton Stacey,Hampshire,Central England,-1.457685,51.184972,MA 3,"British Museum BM : 1979,0602.1",Needham1983:Ha3;RohlNeedham1998:28;Needham2017:33,Needham2017:Class 3D (Barton Stacey type)
764,764.jpg,Flanged Axe,Flanged Axe,Class 5Da,Class 5,Arreton Down (formerly Martlesham),Isle of Wight,Central England,-1.229268456,50.68055967,MA 6,"British Museum BM : 1985,0302.1 (formerly Ipswich Museum IPSMG : 1962.187)",Needham1983:IW1/3;RohlNeedham1998:61,Needham2017:Class 5D (West Drayton type)
766,766.jpg,Flanged Axe,Flanged Axe,Class 5Da,Class 5,"Plymstock, Rocky Parks Field",Devon,Southwestern England,-4.075154328,50.36287258,MA 6,"British Museum BM : 1869,1220.3",InvArch2_HawkesSmith55:GB.9.5;Needham1983:Dv8/3;Pearce1983:285,Needham1983:Class 5Da
771,771.jpg,Flanged Axe,Flanged Axe,Class 5B,Class 5,Arreton Down,Isle of Wight,Central England,-1.229268456,50.68055967,MA 6,British Museum BM : SL.743,Needham1983:IW1/1;RohlNeedham1998:62,Needham1983:Class 5B (Liss style)
772,772.jpg,Flanged Axe,Flanged Axe,,Class 5,Arreton Down,Isle of Wight,Central England,-1.229268456,50.68055967,MA 6,British Museum BM : SL.744,Needham1983:IW1/2;RohlNeedham1998:63,Needham2017:Class 5D (West Drayton type)
773,773.jpg,Flanged Axe,Flanged Axe,Class 5Cb,Class 5,Horncastle (near),Lincolnshire,Central England,-0.10736758,53.20752273,MA 6,British Museum BM : WG.1813,Davey1973:20;Needham1983:LI4;Needham2017:74,Needham2017:Class 5A (Horncastle type)
774,774.jpg,Flanged Axe,Flanged Axe,Class 5Da,Class 5,Chiswick Eyot Bank (River Thames),Greater London,Central England,-0.265671536,51.49261322,MA 6,British Museum BM : WG.1728,Needham1983:GL9,Needham1983:Class 5Da
780,780.jpg,Low-flanged Axe,Low-flanged Axe,Class 3E/F,Class 3,Colwick (River Trent),Nottinghamshire,Central England,-1.081142,52.9516,MA 3,Nottingham Castle Museum NCM : 1927.80,Needham1983:Ng9;Scurfield1997:51,Needham1983:Class 3E/F
787,787.jpg,Low-flanged Axe,Low-flanged Axe,Class 4Ed,Class 4,"Wilsford, barrow G5 (Bush Barrow)",Wiltshire,Southwestern England,-1.834797435,51.17046951,MA 4 and 5,"Wiltshire Museum, Devizes DZSWS : 747",CunningtonGoddard1896:148;AnnableSimpson1964:178;Needham1983:20/1;Needham2017:73,Needham2017:Class 4F (Asterton Prolley Moor type)
788,788.jpg,Low-flanged Axe,Low-flanged Axe,Class 4C,Class 4,"West Stafford, Mount Pleasant (N terminal of henge ditch)",Dorset,Southwestern England,-2.412257711,50.70822569,MA 4 and 5,Dorset County Museum DORCM : unknown,Needham1983:Ds8;Pearce1983:371;Needham2017:56,Needham2017:Class 4C (Mount Pleasant type)
816,816.jpg,Flat Axe,Flat Axe,II/2C,Class 2,"Bucklesham Road, Purdis Farm",Suffolk,Eastern England,1.22043,52.032347,MA 1 and 2,Ipswich Museum IPSMG : 1959.162,Needham1983:SF27;Needham2017:10,Needham2017:Class 2C (Purdis Farm type)
823,823.jpg,Flat Axe,Flat Axe/Chisel,Class 4,Class 4,Firle,Sussex,Central England,0.086587,50.843857,,"Museum of Sussex Archaeology (Barbican House), Lewes LEWSA : B.15",Needham1983:SX10;Needham2017:102,Needham1983:Class 4B/C (axe-chisel)
828,828.jpg,Flanged Axe,Flanged Axe,Class 5Db,Class 5,"Ashford, Ashford Golf Links",Kent,Eastern England,0.866310748,51.16459812,MA 6,Maidstone Museum MNEMG : 1949.55,Needham1983:KT1;Needham2017:78,Needham2017:Class 5B (Ashford type)
829,829.jpg,Flat Axe,Flat Axe,II/2A,Class 2,"Nannerch/Cilcain, Moel Arthur",Clwyd,Wales,-3.280814535,53.18389018,MA 1 and 2,Manchester University Museum MANUM : 34686 (O.99237/1),Morgan1990:3a;NorthoverND:5;LodwickGwiltND:4;Needham2017:5,Needham2017:Class 2A (Burley Camp type);NorthoverND:Ballybeg type
836,836.jpg,Flanged Axe,Flanged Axe (diminutive),Class 5Db,Class 5,Bridgham,Norfolk,Eastern England,0.866711,52.428196,MA 6,"Museum of Archaeology and Anthropology, Cambridge CAMAA : 1920.807",Needham1983:NF5;Needham2017:79,Needham2017:Class 5B (Ashford type)
838,838.jpg,Flat Axe,Flat Axe,Class 3F,Class 3,"Soham, Clipsall Field",Cambridgeshire,Eastern England,0.360899,52.322485,MA 4 and 5,"Museum of Archaeology and Anthropology, Cambridge CAMAA : 1971.49",Needham1983:Ca36;Needham2017:41,Needham2017:Class 3F (Moot Low type)
839,839.jpg,Low-flanged Axe,Low-flanged Axe,Class 4Db,Class 4,Stow-cum-Quy,Cambridgeshire,Eastern England,0.231091007,52.22160095,MA 4 and 5,"Museum of Archaeology and Anthropology, Cambridge CAMAA : 1883.114",Needham1983:Ca38;Needham2017:58,Needham2017:Class 4D (Cardiff Castle type)
840,840.jpg,Flanged Axe,Flanged Axe,Class 5Da,Class 5,Burwell Fen,Cambridgeshire,Eastern England,0.291696,52.297142,MA 6,"Museum of Archaeology and Anthropology, Cambridge CAMAA : 1883.116",Needham1983:Ca5;Needham2017:96,Needham1983:Class 5 (Irish style)
841,841.jpg,Flat Axe,Flat Axe,II/2B,Class 2,Bottisham Lode,Cambridgeshire,Eastern England,0.243845,52.244725,MA 1 and 2,"Museum of Archaeology and Anthropology, Cambridge CAMAA : 1891.14",Needham1983:Ca30;Needham2017:7,Needham2017:Class 2B (Lode type);BM-NBII:C
842,842.jpg,Low-flanged Axe,Low-flanged Axe,Class 3G,Class 3,Methwold Hythe,Norfolk,Eastern England,0.519232,52.526035,MA 4 and 5,"Museum of Archaeology and Anthropology, Cambridge CAMAA : Z 4297",Needham1983:NF38;Needham2017:47,Needham2017:Class 3G (Knapton type)
844,844.jpg,Low-flanged Axe,Low-flanged Axe,Class 4Ec,Class 4,Mortlake (River Thames),Greater London,Central England,-0.273719,51.470251,MA 4 and 5,Museum of London LDMOL : O1167,Needham1983:GL5,Needham1983:Class 4Ec (Digby style)
845,845.jpg,Low-flanged Axe,Low-flanged Axe,Class 4Ec,Class 4,Kew Bridge (River Thames)?,Greater London,Central England,-0.287503,51.486639,MA 4 and 5,Museum of London LDMOL : O1169,Needham1983:GL15,Needham2017:Class 4E (Whittington type)
846,846.jpg,Flanged Axe,Flanged Axe,Class 5Da,Class 5,Hammersmith,Greater London,Central England,-0.22364,51.49204,MA 6,Museum of London LDMOL : 49.107/810,Needham1983:GL13,Needham1983:Class 5Da
850,850.jpg,Flat Axe,Flat Axe,Swinton &c,Class 4,"Llanblethian, Breach Farm",Glamorgan,Wales,-3.484405363,51.45363786,MA 4 and 5,Amgueddfa Cymru - National Museum Wales NMW : 38.37.1,Savory1980:338.1;NorthoverND:81;Needham2017:107;KnightND:5,KnightND:Class 4E;Needham2017:Class 4F (Asterton Prolley Moor style);Savory1980:Wilsford type;NorthoverND:Whittington/Swinton/etc type
852,852.jpg,Flat Axe,Flat Axe,"Narrow butt, splayed blade",Class 4,"Llanddyfnan, Ty??n-y-pwll",Anglesey,Wales,-4.237117676,53.28200913,,Amgueddfa Cymru - National Museum Wales NMW : 42.395.4/5,Savory1980:334.5;Needham2017:104;NorthoverND:74;KnightND:15a,Needham1983:Class 4B/C (axe-chisel);NorthoverND:Whittington/Swinton/etc type
854,854.jpg,Flat Axe,Flat Axe,Swinton &c,Class 4,Cardiff Castle (probably),Glamorgan,Wales,-3.18011171,51.4828584,MA 4 and 5,Amgueddfa Cymru - National Museum Wales NMW : 57.514,Savory1980:120;NorthoverND:78;Needham2017:60;KnightND:20,Needham2017:Class 4D (Cardiff Castle type);NorthoverND:Whittington/Swinton/etc type
857,857.jpg,Low-flanged Axe,Low-flanged Axe,Class 4B,Class 4,"Norwich, Mile Cross, 6 Rye Close",Norfolk,Eastern England,1.277910722,52.65066481,MA 4 and 5,Norwich Castle Museum NWHCM : 1982.147.2,Needham1983:NF45/2;;RohlNeedham1998:45;Needham2017:52,Needham2017:Class 4B (Aylesford type)
859,859.jpg,Flanged Axe,Flanged Axe/Chisel,Class 5(?) Ba,Class 5,Salhouse,Norfolk,Eastern England,1.409112453,52.68810622,MA 6,Norwich Castle Museum NWHCM : 1894.76.755,Needham1983:Nf48/2,Needham2017:Class 5B (Greengate type)
860,860.jpg,Low-flanged Axe,Low-flanged Axe,Class 4Ec,Class 4,North Muskham (River Trent),Nottinghamshire,Central England,-0.813614836,53.11776257,MA 4 and 5,Nottingham Castle Museum NCM : 1887.23,Needham1983:Ng7;Davis1999:20,"Needham1983:Class 4Ec (Shippea style);SchmidtBurgess1981:Developed (Falkland type, Aylesford variant)"
861,861.jpg,Flanged Axe,Flanged Axe,Class 5Ea,Class 5,Clifton (River Trent?),Nottinghamshire,Central England,-1.190973498,52.91416832,MA 6,Nottingham Castle Museum NCM : unknown,Needham1983:Ng8;Scurfield1997:29;Needham2017:93,Needham2017:Class 5E (Clifton type)
862,862.jpg,Low-flanged Axe,Low-flanged Axe,Class 4Ec,Class 4,"Bettws-y-crwyn, Castell Bryn Amlwg",Shropshire,Central England,-3.226495179,52.45343606,MA 4 and 5,"Powysland Museum, Welshpool WEPLM : A.140",Needham1983:SP2/1;Needham2017:71;NorthoverND:91,Needham2017:Class 4F (Asterton Prolley Moor type);NorthoverND:Whittington/Swinton/etc type
864,864.jpg,Flat Axe,Flat Axe,Class 4C,Class 4,"Clunbury, Upper House",Shropshire,Central England,-2.92261603,52.41843822,MA 4 and 5,Shrewsbury Museums Service SHYMS : A/2003/022 (B2),Needham1983:Sp5;NorthoverND:60,Needham1983:Class 4C (Clunbury style);NMW:Class 4C (Mount Pleasant type);NorthoverND:Aylesford/Newport type
876,876.jpg,Flat Axe,Flat Axe,Migdale,Class 3,"Llanddyfnan, Ynys Talwrn",Anglesey,Wales,-4.266425245,53.2688684,MA 3,Llangefni Museum,Needham2017:26;NorthoverND:21,Needham2017:Class 3B (Boreland type);NMW:Class 3B (Boreland type);NorthoverND:Migdale type
878,878.jpg,Flat Axe,Flat Axe/Chisel,Class 4,Class 4,"Padgbury Lane, Congleton",Cheshire,Central England,-2.240443,53.159114,,private ownership,Needham1983:CH1;Needham2017:106,Needham1983:Class 4D/E (axe-chisel)
887,887.jpg,Flanged Axe,Flanged Axe/Chisel,Class 5Ba,Class 5,"Deran, Greengate, Swanton Morley",Norfolk,Eastern England,0.983052,52.710304,MA 6,private ownership,Needham1983:NF52;Needham2017:80,Needham2017:Class 5B (Greengate type)
897,897.jpg,Flanged Axe,Flanged Axe,Class 5A,Class 5,"Amesbury, Stonehenge Down (SE Monument)",Wiltshire,Southwestern England,-1.820420153,51.17664833,MA 6,Salisbury and South Wiltshire Museum SBYWM : 1953.33,MooreRowlands1972:6;Needham1983:WI3;Needham2017:84,Needham2017:Class 5C (Bisham type)
900,900.jpg,Flat Axe,Flat Axe,Class 3Ab,Class 3,"Scunthorpe, 68 Morecambe Avenue",Humberside,North and Scotland,-0.653236204,53.56035571,MA 3,North Lincolnshire Museum Service NOLMS : unknown,Davey1973:2;Needham1983:Hb9;Needham2017:22,Needham2017:Class 3A (Scunthorpe type)
901,901.jpg,Low-flanged Axe,Low-flanged Axe,Class 4Ea,Class 4,"Bottesford, Yaddlethorpe, 136 Moorwell Road",Humberside,North and Scotland,-0.67147777,53.55157066,MA 4 and 5,Scunthorpe Museum and Art Gallery SCUNM : 1958.124 (BO YA),Davey1973:10;Needham1983;Needham2017:62,Needham2017:Class 4E (Glebe Farm type?)
902,902.jpg,Flat Axe,Flat Axe,Class 4B,Class 4,"Parwich, Shuttlestone Plantation",Derbyshire,Central England,-1.755,53.1281,MA 4 and 5,"Weston Park Museum, Sheffield SHEFG : J93.473",InvArch4_Smith57:GB.19.1;Vine1982:692;Needham1983:DY13/1;Needham2017:50,Needham2017:Class 4A (Kettering type)
903,903.jpg,Flat Axe,Flat Axe,Class 3Ab,Class 3,"Millfield, Harthill Stanton",Derbyshire,Central England,-1.672332,53.17266,MA 3,"Weston Park Museum, Sheffield SHEFG : J93.476",Needham1983:DY6;Needham2017:23,Needham2017:Class 3A (Scunthorpe type)
904,904.jpg,Low-flanged Axe,Low-flanged Axe,Class 3F,Class 3,"Newton Grange, Moot Low",Derbyshire,Central England,-1.769977626,53.08295374,MA 4 and 5,"Weston Park Museum, Sheffield SHEFG : J93.477",Vine1982:688;Needham1983:DY12/1;Needham2017:40,Needham2017:Class 3F (Moot Low type)
905,905.jpg,Flanged Axe,Flanged Axe,Class 5Da,Class 5,"Bitterley/Caynham, Titterstone Clee (N side, near Dhustone Quarry)",Shropshire,Central England,-2.601584729,52.3827492,MA 6,Shrewsbury Museums Service SHYMS : A/2003/206 (B5),Needham1983:Sp3/2;NorthoverND:92,NorthoverND:Whittington/Swinton/etc type;Needham1983:Class 5Da
908,908.jpg,Flat Axe,Flat Axe,II/2B,Class 2,Ironbridge (River Severn),Shropshire,Central England,-2.485488286,52.62722702,MA 1 and 2,Shrewsbury Museums Service SHYMS : A/2003/028 (B62),Needham1983:SP10;NorthoverND:14;Needham2017:13,Needham2017:Class 2C (Ironbridge type);NMW:Class 2C (Ironbridge type);NorthoverND:Growtown type
918,918.jpg,Flat Axe,Flat Axe,Class 3C,Class 3,"Harlyn Bay, St Merryn",Cornwall,Southwestern England,-5.004734,50.542254,MA 3,"Royal Cornwall Museum, Truro TRURI : unknown",Needham1983:Cw10/1;Needham2017:30,Needham2017:Class 3C (Harlyn Bay type)
927,927.jpg,Flat Axe,Flat Axe,Class 3Ea,Class 3,"Oddington, Thornes Farm (near), Oaklands",Gloucestershire,Southwestern England,-1.675808746,51.915927,MA 3,Cheltenham Art Gallery and Museum CHLGM : 1980:2183,Needham1983:Gs5/2;RohlNeedham1998:44,Needham2017:Class 3B (Boreland type)
928,928.jpg,Flat Axe,Flat Axe,Class 4B,Class 4,Castle Acre?,Norfolk,Eastern England,0.685628596,52.71571,MA 4 and 5,Norwich Castle Museum NWHCM : 1908.22.1:A,Needham1983:Nf8,Needham1983:Class 4B (Chertsey style)
933,933.jpg,Flat Axe,Flat Axe,Class 4C,Class 4,Attenborough,Nottinghamshire,Central England,-1.221657367,52.90313632,MA 4 and 5,Nottingham University Museum NOTUM : ATT 61.2 (61.02),Needham1983:Ng1;Scurfield1997:13,Needham1983:Class 4C
935,935.jpg,Flat Axe,Flat Axe,II/2D,Class 2,Attenborough,Nottinghamshire,Central England,-1.22087378,52.90537857,MA 1 and 2,Nottingham University Museum NOTUM : ATT 0.355,Needham1983:Ng3;Scurfield1997:5,Needham2017:Class 2D (Halberton type)
939,939.jpg,Flanged Axe,Flanged Axe (diminutive),Class 5F,Class 5,Barrington,Cambridgeshire,Eastern England,0.036396197,52.12621157,MA 6,"British Museum BM : 1853,0627.45",Needham1983:Ca1,Needham1983:Class 5F (axe-chisel;reworked)
940,940.jpg,Flanged Axe,Flanged Axe,Class 5Db,Class 5,Barrow,Suffolk,Eastern England,0.584162935,52.2503658,MA 6,"Ashmolean Museum, Oxford OXFAS : 1927.2375",Needham1983:Sf1,Needham1983:Class 5Db (Saltdean style)
941,941.jpg,Flanged Axe,Flanged Axe (diminutive),Class 5Db,Class 5,"Thetford, Barrow Hill",Norfolk,Eastern England,0.717502669,52.40609209,MA 6,Thetford Museum THEHM : A.1124,Needham1983:Nf53,Needham1983:Class 5Db (Bridgham style)
946,946.jpg,Flat Axe,Flat Axe,Migdale,Class 4,"Shrewsbury, Battlefield",Shropshire,Central England,-2.720017658,52.75292472,MA 4 and 5,Shrewsbury Museums Service SHYMS : A/2003/071 (B9),Rowlands1976:103.1;Needham1983:Sp1/1;NorthoverND:90,"NMW:Class 4C (or 4D);NorthoverND:Whittington/Swinton/etc type;Needham1983:Class 4C;SchmidtBurgess1981:Developed (Bandon type, Swinton variant)"
949,949.jpg,Flanged Axe,Flanged Axe,Class 5Cc,Class 5,Cavenham and Icklingham (between),Suffolk,Eastern England,0.587824658,52.31323349,MA 6,"Museum of Archaeology and Anthropology, Cambridge CAMAA : 1897.89",Needham1983:Sf3;Pendleton1999:24,Needham1983:Class 5Cc
951,951.jpg,Flat Axe,Flat Axe,Class 3Ab,Class 3,"Bircham Heath, Bircham",Norfolk,Eastern England,1.00056,51.911381,MA 3,Kings Lynn Museum KILLM : 1968.17,Needham1983:Nf2,Needham1983:Class 3Ab (Exning style)
952,952.jpg,Flat Axe,Flat Axe,Class 4B,Class 4,"Blashford, Ellingham, Amey's Pit",Hampshire,Central England,-1.783266923,50.86185777,MA 4 and 5,"Red House Museum and Art Gallery, Christchurch CHRRH : unknown",Needham1983:Ha5,Needham1983:Class 4B (Blashford style)
953,953.jpg,Flat Axe,Flat Axe (diminutive),II/2C,Class 2,"Middleton and Smerrill, Borther Low Barrow",Derbyshire,Central England,-1.706708304,53.14447949,MA 1 and 2,"Weston Park Museum, Sheffield SHEFG : J93.479",Vine1982:680;Needham1983:Dy11/1,Needham1983:Class 2C
954,954.jpg,Flat Axe,Flat Axe,Class 4C,Class 4,Bottisham,Cambridgeshire,Eastern England,0.2603453,52.22104413,MA 4 and 5,"Museum of Archaeology and Anthropology, Cambridge CAMAA : 1927.601",Needham1983:Ca2,Needham1983:Class 4C
957,957.jpg,Flat Axe,Flat Axe (diminutive),3-1??,Class 3,Bowstridge (near),Buckinghamshire,Central England,-0.561997367,51.62026094,MA 1 and 2,private ownership,Needham1983:Bu1,Needham1983:Class 2/3A
963,963.jpg,Flanged Axe,Flanged Axe,Class 5Eb,Class 5,"Brighstone, Brook Cliff",Isle of Wight,Central England,-1.45679346,50.64991696,MA 6,"British Museum BM : 1892,0901.329",Needham1983:IW2,Needham1983:Class 5Eb
965,965.jpg,Flanged Axe,Flanged Axe,Class 5Cb,Class 5,"Buckingham Bottom, Shoreham-by-Sea",Sussex,Central England,-0.266502908,50.84109324,MA 6,Brighton Museum BTNRP: R.4853/19,Needham1983:Sx24,Needham1983:Class 5Cb
966,966.jpg,Flanged Axe,Flanged Axe,Class 5B,Class 5,"Dover, Buckland, Union Road Brickfield (now Coombe Valley Road)",Kent,Eastern England,1.291037906,51.13227188,MA 6,Dover Museum DOVRM : unknown,Needham1983:Kt4/1;;Weller2014:ds 3,Needham1983:Class 5B (Syon style)
968,968.jpg,Flanged Axe,Flanged Axe,Class 5Cb,Class 5,"Dover, Buckland, Union Road Brickfield (now Coombe Valley Road)",Kent,Eastern England,1.291037906,51.13227188,MA 6,private ownership,Needham1983:Kt4/3,Needham1983:Class 5Cb
971,971.jpg,Flanged Axe,Flanged Axe/Chisel,Class 5Ba,Class 5,"Mildenhall, Burnt Fen",Cambridgeshire,Eastern England,0.375695397,52.46156519,MA 6,"British Museum BM : 1856,0627.41",Needham1983:Ca26/1;Pendleton1999:21,Needham1983:Class 4E/5Ba
973,973.jpg,Flanged Axe,Flanged Axe,Class 5Eb,Class 5,Burwell Fen,Cambridgeshire,Eastern England,0.30795357,52.29205943,MA 6,"British Museum BM : 1875,0401.7",Needham1983:Ca7,Needham1983:Class 5Eb
975,975.jpg,Flat Axe,Flat Axe,II/2C,Class 2,Cambridge (near),Cambridgeshire,Eastern England,0.127834597,52.20552442,MA 1 and 2,"Museum of Archaeology and Anthropology, Cambridge CAMAA : 1883.113",Needham1983:Ca9,Needham2017:Class 2C (Purdis Farm type)
976,976.jpg,Low-flanged Axe,Low-flanged Axe,Class 4Ec,Class 4,Cambridge (near),Cambridgeshire,Eastern England,0.127834597,52.20552442,MA 4 and 5,"Museum of Archaeology and Anthropology, Cambridge CAMAA : Z 4245",Needham1983:Ca8,Needham1983:Class 4Ec (reworked)
980,980.jpg,Low-flanged Axe,Low-flanged Axe,Class 3Ea,Class 3,Castle Rising,Norfolk,Eastern England,0.467850041,52.79237885,MA 3,"British Museum BM : 1873,0602.4",Needham1983:Nf9/2;RohlNeedham1998:34,Needham1983:Class 3E
982,982.jpg,Low-flanged Axe,Low-flanged Axe (diminutive),Class 4 (5) Ec,Class 4,"Caythorpe, Ironstone Quarry",Lincolnshire,Central England,-0.582645625,53.03028336,MA 4 and 5,Nottingham Castle Museum NCM : 1899.71,Davey1973:15;Needham1983:Li1,Needham1983:Class 4Ec/5
989,989.jpg,Flanged Axe,Flanged Axe,Class 5B,Class 5,"Eastbourne, Combe Hill",Sussex,Central England,0.231651706,50.79831621,MA 6,"Museum of Sussex Archaeology (Barbican House), Lewes LEWSA : 1939.13.1",Needham1983:Sx5/1,Needham1983:Class 5B (Combe style)
990,990.jpg,Flanged Axe,Flanged Axe,Class 5Ca,Class 5,"Eastbourne, Combe Hill",Sussex,Central England,0.231651706,50.79831621,MA 6,"Museum of Sussex Archaeology (Barbican House), Lewes LEWSA : 1939.13.1",Needham1983:Sx5/2,Needham1983:Class 5Ca Margate
991,991.jpg,Flanged Axe,Flanged Axe,Class 5A,Class 5,"Eastbourne, Combe Hill",Sussex,Central England,0.231651706,50.79831621,MA 6,"Museum of Sussex Archaeology (Barbican House), Lewes LEWSA : 1939.13.1",Needham1983:Sx5/3,Needham1983:Class 5A (Stonehenge Bottom style)
992,992.jpg,Flanged Axe,Flanged Axe,Class 5,Class 5,"Eastbourne, Combe Hill",Sussex,Central England,0.231651706,50.79831621,MA 6,"Museum of Sussex Archaeology (Barbican House), Lewes LEWSA : 1939.13.1",Needham1983:Sx5/4,Needham1983:Class 5
993,993.jpg,Flanged Axe,Flanged Axe,,Class 5,"Coombe Vale, Teignmouth",Devon,Southwestern England,-3.503784641,50.54861744,MA 6,"Royal Albert Memorial Museum, Exeter EXEMS : 40/1959",Needham1983:Dv13;Pearce1983:301;Knight2018:RAMM-F013,Needham1983:Class 5F
995,995.jpg,Flat Axe,Flat Axe,Class 3D,Class 3,"Corve Dale (Much Wenlock), Diddlebury",Shropshire,Central England,-2.715021927,52.44729641,MA 3,"Pitt Rivers Museum, Oxford OXFPR : 1884.119.53 (PR1437)",Needham1983:Sp6;NorthoverND:48,Needham1983:Class 3D;NorthoverND:Migdale type;NMW:Class 3D (Barton Stacey type)
997,997.jpg,Flat Axe,Flat Axe,Class 4B,Class 4,Cropthorne (Ballast Hole Gravel Pit?),Hereford and Worcs,Central England,-2.008713291,52.09883825,MA 4 and 5,"British Museum BM : 1907,0619.5",Needham1983:HW1;NorthoverND:61,NorthoverND:Aylesford/Newport type;Needham1983:Class 4B
1004,1004.jpg,Flat Axe,Flat Axe,Class 4Ac,Class 4,"Newtimber, Saddlescombe, East Hill (?S of Drove Road)",Sussex,Central England,-0.190436994,50.87793533,MA 3,Brighton Museum BTNRP: R.2719/102,Needham1983:Sx21,Needham1983:Class 4Ac
1005,1005.jpg,Flat Axe,Flat Axe,Class 4 (B/C?),Class 4,East Portlemouth,Devon,Southwestern England,-3.747009411,50.23335559,MA 4 and 5,"Museum of Archaeology and Anthropology, Cambridge CAMAA : 1922.1291",Needham1983:Dv4;Pearce1983:890,Needham1983:Class 4B/C
1006,1006.jpg,Low-flanged Axe,Low-flanged Axe,Class 4D,Class 4,"Tilmanstone, Eastlingdown Farm",Kent,Eastern England,1.288459087,51.17642074,MA 4 and 5,Canterbury Museum CANCM : 7774,Needham1983:Kt13,Needham1983:Class 4D
1007,1007.jpg,Flanged Axe,Flanged Axe,Class 5Cb,Class 5,"Whittington, Ebnal",Shropshire,Central England,-3.01915658,52.90490629,MA 6,Amgueddfa Cymru - National Museum Wales NMW : 21.24.22,Savory1980:260.3;Needham1983:Sp11/1;NorthoverND:106,Needham1983:Class 5Cb Reepham;NorthoverND:Long-flanged (Arreton type and cf)
1008,1008.jpg,Flat Axe,Flat Axe,Class 3C,Class 3,"Edwalton Hill, West Bridgford",Nottinghamshire,Central England,-1.118976369,52.90781317,MA 3,Nottingham University Museum NOTUM : N.O.34b,Needham1983:Ng11/1,Needham1983:Class 3C
1009,1009.jpg,Flanged Axe,Flanged Axe,Class 5Ca,Class 5,Eel Pie Island (River Thames),Greater London,Central England,-0.324304464,51.44535647,MA 6,British Museum BM : WG.1729,Needham1983:GL10,Needham1983:Class 5Ca
1010,1010.jpg,Flanged Axe,Flanged Axe,Class 5F,Class 5,"Elham, Bladbeam Farm (near)",Kent,Eastern England,1.117846435,51.18114112,MA 6,Maidstone Museum MNEMG : 1966.37,Needham1983:Kt6,Needham1983:Class 5F
1012,1012.jpg,Flat Axe,Flat Axe/Chisel,Class 4,Class 4,Feltwell,Norfolk,Eastern England,0.480141121,52.48639688,,"Moyse's Hall Museum, Bury St Edmunds BSEMS : 1977.718 (F199)",Needham1983:Nf15,Needham1983:Class 4 (axe-chisel)
1014,1014.jpg,Flat Axe,Flat Axe,3-2??,Class 3,"Ightham, Crown Point, Fishponds Valley",Kent,Eastern England,0.261356997,51.2767452,MA 1 and 2,Maidstone Museum MNEMG : 1949.19,Needham1983:Kt8,Needham1983:Class 2/3A
1016,1016.jpg,Flat Axe,Flat Axe,Class 3E/F,Class 3,Fordham (near),Cambridgeshire,Eastern England,0.396818028,52.30827313,MA 3,"Museum of Archaeology and Anthropology, Cambridge CAMAA : 1903.149",Needham1983:Ca20,Needham1983:Class 3E
1017,1017.jpg,Flat Axe,Flat Axe,Class 4Ea,Class 4,Fordham (near),Cambridgeshire,Eastern England,0.396818028,52.30827313,MA 4 and 5,"Museum of Archaeology and Anthropology, Cambridge CAMAA : 1903.150",Needham1983:Ca21,Needham1983:Class 4Ea
1021,1021.jpg,Flat Axe,Flat Axe,II/2D,Class 2,Fordham (near),Cambridgeshire,Eastern England,0.396818028,52.30827313,MA 1 and 2,"Museum of Archaeology and Anthropology, Cambridge CAMAA : 1903.157",Needham1983:Ca19,Needham2017:Class 2D (Halberton type)
1022,1022.jpg,Flanged Axe,Flanged Axe,Class 5Cb,Class 5,Foulsham,Norfolk,Eastern England,1.016449449,52.78868601,MA 6,Norwich Castle Museum NWHCM : 1947.156.2,Needham1983:Nf16,Needham1983:Class 5Cc
1023,1023.jpg,Flanged Axe,Flanged Axe,Class 5Da,Class 5,Gately,Norfolk,Eastern England,0.912188809,52.78229987,MA 6,British Museum BM : WG.1812,Needham1983:Nf17,Needham1983:Class 5Da (Gately style)
1024,1024.jpg,Flanged Axe,Flanged Axe (diminutive),Class 5Ea,Class 5,Gerrans,Cornwall,Southwestern England,-4.977808356,50.1813281,MA 6,"Museum of Archaeology and Anthropology, Cambridge CAMAA : 1923.121",Needham1983:Cw4,Needham1983:Class 5Ea (axe-chisel)
1028,1028.jpg,Low-flanged Axe,Low-flanged Axe,Class 4Ec,Class 4,"Great West Fen, Hilgay",Norfolk,Eastern England,0.372562006,52.55379517,MA 4 and 5,private ownership,Needham1983:Nf25,Needham1983:Class 4Ec (Hilgay style)
1029,1029.jpg,Flanged Axe,Flanged Axe,,Class 5,Grunty Fen,Cambridgeshire,Eastern England,0.194747361,52.37514477,MA 6,Alnwick Castle Museum ALWAM : 198,Needham1983:Ca43/2,Needham2017:Class 5C (Bisham type)
1031,1031.jpg,Low-flanged Axe,Low-flanged Axe,Class 3F,Class 3,"Harthill Moor, Bradwell",Derbyshire,Central England,-1.66419902,53.16050252,MA 4 and 5,"Weston Park Museum, Sheffield SHEFG : J93.472",Needham1983:Dy4,Needham1983:Class 3F (Hartle Moor style)
1038,1038.jpg,Flanged Axe,Flanged Axe,Class 5Ca,Class 5,"Highdown, Durnford",Wiltshire,Southwestern England,-1.810575799,51.1352696,MA 6,Salisbury and South Wiltshire Museum SBYWM : 1971.51,Needham1983:Wi7,Needham1983:Class 5Ca
1040,1040.jpg,Flanged Axe,Flanged Axe,Class 5Cb,Class 5,"Hockwold-cum-Wilton, Hockwold Fen",Norfolk,Eastern England,0.552659713,52.46686925,MA 6,"British Museum BM : 1924,1208.1",Needham1983:Nf29,Needham1983:Class 5Cb Mortlake
1045,1045.jpg,Flanged Axe,Flanged Axe,Class 5,Class 5,Horsford Manor,Norfolk,Eastern England,1.247311231,52.70164671,MA 6,Norwich Castle Museum NWHCM : 1913.69,Needham1983:Nf33,Needham1983:Class 5
1049,1049.jpg,Flanged Axe,Flanged Axe,Class 5B,Class 5,Jevington,Sussex,Central England,0.21907428,50.79194569,MA 6,"Museum of Sussex Archaeology (Barbican House), Lewes LEWSA : B.4",Needham1983:Sx15,Needham1983:Class 5B (Liss style)
1050,1050.jpg,Flat Axe,Flat Axe,Class 3C,Class 3,"Kentisbeare, Wood Barton",Devon,Southwestern England,-3.344491234,50.87095245,MA 3,"Royal Albert Memorial Museum, Exeter EXEMS : 1884.8.2",Needham1983:Dv7;Pearce1983:259;Knight2018:RAMM-F026,Needham1983:Class 3C
1051,1051.jpg,Flanged Axe,Flanged Axe,Class 5Cc,Class 5,Kew (River Thames),Greater London,Central England,-0.294801664,51.48404802,MA 6,Museum of London LDMOL : O1170,Needham1983:GL14,Needham1983:Class 5Cc
1052,1052.jpg,Low-flanged Axe,Low-flanged Axe,Class 4 E (?) c (?),Class 4,"Newent, Kilcot Wood",Gloucestershire,Southwestern England,-2.444866481,51.91818337,MA 4 and 5,Cheltenham Art Gallery and Museum CHLGM : 1930.3,Needham1983:Gs4/1;NorthoverND:84,Needham1983:Class 4Ec (reworked);NorthoverND:Whittington/Swinton/etc type
1053,1053.jpg,Flat Axe,Flat Axe,II/2C,Class 2,Knettishall Heath,Suffolk,Eastern England,0.883873005,52.38686024,MA 1 and 2,Thetford Museum THEHM : 1979.182,Needham1983:Sf12,Needham1983:Class 2C
1055,1055.jpg,Flanged Axe,Flanged Axe,Class 5Ca,Class 5,Lakenheath Fen (about 1 mile towards Lakenheath station from Undley),Suffolk,Eastern England,0.491301131,52.42321705,MA 6,"Museum of Archaeology and Anthropology, Cambridge CAMAA : 1932.240",Needham1983:Sf13;Pendleton1999:26,Needham1983:Class 5Ca Sandleheath
1056,1056.jpg,Flanged Axe,Flanged Axe,Class 5B,Class 5,Lambeth (River Thames),Greater London,Central England,-0.12170839,51.49039576,MA 6,Museum of London LDMOL : A18238,Needham1983:GL17,Needham1983:Class 5B (Lewes style)
1058,1058.jpg,Flanged Axe,Flanged Axe,Class 5Ca,Class 5,"Laureate Close, Margate",Kent,Eastern England,1.411848354,51.38382286,MA 6,Canterbury Museum CANCM : L.1966/2,Needham1983:Kt11,Needham1983:Class 5C (Margate style)
1060,1060.jpg,Flanged Axe,Flanged Axe,Class 5Da,Class 5,"Lavington Downs, New Copse Farm",Wiltshire,Southwestern England,-1.961978695,51.25321083,MA 6,"Wiltshire Museum, Devizes DZSWS : B17 (1633)",AnnableSimpson1964:644;Needham1983:Wi17,Needham1983:Class 5Da (Lavington style)
1063,1063.jpg,Flanged Axe,Flanged Axe,Class 5B,Class 5,Lewes Downs,Sussex,Central England,0.009871027,50.87668113,MA 6,"British Museum BM : 1976,0701.6",Needham1983:Sx18,Needham1983:Class 5B (Lewes style)
1065,1065.jpg,Flanged Axe,Flanged Axe,Class 5,Class 5,"Hockwold-cum-Wilton, Leylands Farm",Norfolk,Eastern England,0.508543188,52.46781346,MA 6,"Moyse's Hall Museum, Bury St Edmunds BSEMS : F190",Needham1983:Nf31,Needham1983:Class 5
1066,1066.jpg,Flanged Axe,Flanged Axe,Class 5B,Class 5,Liss,Hampshire,Central England,-0.89593716,51.04163804,MA 6,"British Museum BM : 1866,0224.13",Needham1983:Ha8,Needham1983:Class 5B (Liss style)
1068,1068.jpg,Flanged Axe,Flanged Axe,Class 5Ca,Class 5,"Jevington, Little Filching",Sussex,Central England,0.224654872,50.80488053,MA 6,"Museum of Sussex Archaeology (Barbican House), Lewes LEWSA : 1978.54",Needham1983:Sx14,Needham1983:Class 5Ca
1069,1069.jpg,Flanged Axe,Flanged Axe,Class 5Cb,Class 5,"Pentney, Little Ketlam",Norfolk,Eastern England,0.569410084,52.69086098,MA 6,Kings Lynn Museum KILLM : 1958.1.14.2,Needham1983:Nf46,Needham1983:Class 5Cb
1070,1070.jpg,Flanged Axe,Flanged Axe,Class 5Da,Class 5,Littleport,Cambridgeshire,Eastern England,0.316400588,52.45374977,MA 6,"Museum of Archaeology and Anthropology, Cambridge CAMAA : 1934.985",Needham1983:Ca29,Needham1983:Class 5Da (Littleport style)
1071,1071.jpg,Flanged Axe,Flanged Axe,Class 5,Class 5,Bottisham Lode,Cambridgeshire,Eastern England,0.247079286,52.2482737,MA 6,"Ashmolean Museum, Oxford OXFAS : 1927.2378",Needham1983:Ca31/1,Needham1983:Class 5
1072,1072.jpg,Flanged Axe,Flanged Axe,Class 5Db,Class 5,"Brighton, Saltdean, Longridge Avenue",Sussex,Central England,-0.033731431,50.80322712,MA 6,Brighton Museum BTNRP: R.5721/1,Needham1983:Sx1,Needham1983:Class 5Db (Saltdean style)
1073,1073.jpg,Flat Axe,Flat Axe,Class 4Ab,Class 4,Longstock Park (Hazeldown/Longstock Farm),Hampshire,Central England,-1.479601158,51.14460692,MA 3,Winchester Museum WINCM : 120,Needham1983:Ha9,Needham1983:Class 4Ab
1074,1074.jpg,Flat Axe,Flat Axe,Class 4,Class 4,"Polstead, Loss Field",Suffolk,Eastern England,0.903202004,52.00867,,Ipswich Museum IPSMG : 1939.144,Needham1983:Sf25,Needham1983:Class 4 (axe-chisel)
1077,1077.jpg,Flat Axe,Flat Axe,Class 3/4,Class 4,Maidenhead and Windsor (River Thames),River Thames,Central England,-0.683259344,51.49804468,MA 3,"Museum of Antiquities, Eton College ETNMM : 4605-2017",Needham1983:BB3,Needham1983:Class 3/4
1079,1079.jpg,Flanged Axe,Flanged Axe,Class 5F,Class 5,March,Cambridgeshire,Eastern England,0.085791136,52.55694849,MA 6,British Museum BM : WG.1818,Needham1983:Ca33,Needham1983:Class 5F
1080,1080.jpg,Low-flanged Axe,Low-flanged Axe,Class 4Ec,Class 4,Marston-on-Dove,Derbyshire,Central England,-1.652391895,52.86247695,MA 4 and 5,"West Berkshire Museum, Newbury NEBYM : 1964-9",Needham1983:Dy9,Needham1983:Class 4Ec
1081,1081.jpg,Flanged Axe,Flanged Axe,Class 5B,Class 5,Medmenham Abbey (River Thames),Berks / Bucks,Central England,-0.840545428,51.54466396,MA 6,"British Museum BM : 1908,0713.1",Needham1983:BB4,Needham1983:Class 5B
1082,1082.jpg,Low-flanged Axe,Low-flanged Axe,Class 4Ec,Class 4,"Maidstone, Medway Brass Works",Kent,Eastern England,0.514517761,51.27162467,MA 4 and 5,Maidstone Museum MNEMG : KAS 27,Needham1983:Kt9,Needham2017:Class 4E (Whittington type)
1083,1083.jpg,Flanged Axe,Flanged Axe,Class 5F,Class 5,Methwold,Norfolk,Eastern England,0.497398809,52.53099431,MA 6,British Museum BM : WG.1816,Rowlands1976:254;Needham1983:Nf40,Needham1983:Class 5F;Rowlands1976:Flanged Class 2
1084,1084.jpg,Flanged Axe,Flanged Axe,Class 5Da,Class 5,Methwold (Churchyard),Norfolk,Eastern England,0.551604261,52.523678,MA 6,Norwich Castle Museum NWHCM : 1894.76.752,Needham1983:Nf36,Needham1983:Class 5Da
1088,1088.jpg,Flanged Axe,Flanged Axe,Class 5Cb,Class 5,Milverton,Somerset,Southwestern England,-3.25714438,51.03320677,MA 6,Somerset County Museum (Taunton Castle) TTNCM : 74.AA.87.1,Needham1983:So3/2;Pearce1983:686;Knight2018:TTNCM-F032,Needham1983:Class 5Cb Brighton
1089,1089.jpg,Flanged Axe,Flanged Axe,Class 5Cb,Class 5,Milverton,Somerset,Southwestern England,-3.25714438,51.03320677,MA 6,Somerset County Museum (Taunton Castle) TTNCM : 74.AA.87.2,Needham1983:So3/1;Pearce1983:686;Knight2018:TTNCM-F032,Needham1983:Class 5Cb Milverton
1090,1090.jpg,Flanged Axe,Flanged Axe,Class 5B,Class 5,Milverton,Somerset,Southwestern England,-3.25714438,51.03320677,MA 6,Somerset County Museum (Taunton Castle) TTNCM : 74.AA.87.3,Needham1983:So3/3;Pearce1983:686;Knight2018:TTNCM-F032,Needham1983:Class 5B (Syon style)
1091,1091.jpg,Flanged Axe,Flanged Axe,Class 5Ca,Class 5,"Totland, Moon's Hill",Isle of Wight,Central England,-1.535580445,50.67134555,MA 6,"Carisbrooke Castle Museum, Newport NETCC : unknown",Needham1983:IW3/1;RohlNeedham1998:74,Needham1983:Class 5Ca Margate
1092,1092.jpg,Flanged Axe,Flanged Axe,Class 5A,Class 5,"Totland, Moon's Hill",Isle of Wight,Central England,-1.535580445,50.67134555,MA 6,"Carisbrooke Castle Museum, Newport NETCC : unknown",Needham1983:IW3/2;RohlNeedham1998:75,Needham1983:Class 5A (Chilmark style)
1093,1093.jpg,Flanged Axe,Flanged Axe,Class 5Db,Class 5,"Totland, Moon's Hill",Isle of Wight,Central England,-1.535580445,50.67134555,MA 6,"Carisbrooke Castle Museum, Newport NETCC : unknown",Needham1983:IW3/3;RohlNeedham1998:76,Needham2017:Class 5A (Ashford type)
1094,1094.jpg,Flanged Axe,Flanged Axe,Class 5Cc,Class 5,"Totland, Moon's Hill",Isle of Wight,Central England,-1.535580445,50.67134555,MA 6,"Carisbrooke Castle Museum, Newport NETCC : unknown",Needham1983:IW3/4;RohlNeedham1998:77,Needham1983:Class 5Cc (marginal 4E)
1095,1095.jpg,Flanged Axe,Flanged Axe,Class 5Db,Class 5,"Totland, Moon's Hill",Isle of Wight,Central England,-1.535580445,50.67134555,MA 6,"Carisbrooke Castle Museum, Newport NETCC : unknown",Needham1983:IW3/5,Needham2017:Class 5A (Ashford type)
1096,1096.jpg,Flanged Axe,Flanged Axe,Class 5Db,Class 5,"Totland, Moon's Hill",Isle of Wight,Central England,-1.535580445,50.67134555,MA 6,"Carisbrooke Castle Museum, Newport NETCC : unknown",Needham1983:IW3/6;RohlNeedham1998:78,Needham2017:Class 5A (Ashford type)
1097,1097.jpg,Flanged Axe,Flanged Axe,Class 5Db,Class 5,"Totland, Moon's Hill",Isle of Wight,Central England,-1.535580445,50.67134555,MA 6,"Carisbrooke Castle Museum, Newport NETCC : unknown",Needham1983:IW3/7,Needham2017:Class 5A (Ashford type)
1098,1098.jpg,Flanged Axe,Flanged Axe,Class 5Cb,Class 5,Mortlake (River Thames),Greater London,Central England,-0.266353334,51.47463848,MA 6,Museum of London LDMOL : A4889,Needham1983:GL18,Needham1983:Class 5Cb Mortlake
1101,1101.jpg,Flanged Axe,Flanged Axe,Class 5Ca,Class 5,"Ashwicken Hall, Leziate (near)",Norfolk,Eastern England,0.519096145,52.74099217,MA 6,Kings Lynn Museum KILLM : 1976.7,Needham1983:Nf34,Needham1983:Class 5Ca
1103,1103.jpg,Flanged Axe,Flanged Axe,Class 5Cb,Class 5,Brighton (near),Sussex,Central England,-0.148169677,50.8343288,MA 6,Cheltenham Art Gallery and Museum CHLGM : 1923.22,Needham1983:Sx4,Needham1983:Class 5Cb Brighton
1105,1105.jpg,Flat Axe,Flat Axe,Class 3B (Killaha),Class 3,Cholsey,Oxfordshire,Central England,-1.158614,51.578846,MA 3,Reading Museum REDMG : 1948.19.2 (AL.45),Needham1983:Ox3,Needham2017:Class 3B (Boreland type)
1106,1106.jpg,Flanged Axe,Flanged Axe,Class 5Cb,Class 5,Ely (near),Cambridgeshire,Eastern England,0.269518655,52.40070789,MA 6,"Museum of Archaeology and Anthropology, Cambridge CAMAA : 1922.535",Needham1983:Ca14,Needham1983:Class 5Cb Brighton
1108,1108.jpg,Flat Axe,Flat Axe,Class 3B (Killaha),Class 3,"Fritchley (near?), Crick",Derbyshire,Central England,-1.471536163,53.0775538,MA 3,"Weston Park Museum, Sheffield SHEFG : J96.18",Vine1982:683;Needham1983:Dy5,Needham1983:Class 3B
1110,1110.jpg,Flat Axe,Flat Axe,Class 4B,Class 4,"Figheldean, Larkhill Recreation Ground",Wiltshire,Southwestern England,-1.816208411,51.21058639,MA 4 and 5,Salisbury and South Wiltshire Museum SBYWM : 1958.76,MooreRowlands1972:4;Needham1983:Wi9,Needham1983:Class 4B (Larkhill style)
1111,1111.jpg,Low-flanged Axe,Low-flanged Axe,Class 4Ec,Class 4,Markham Moor (or Matlock),Derbyshire,Central England,-0.9201,53.2501,MA 4 and 5,"Weston Park Museum, Sheffield SHEFG : X1974.610",Vine1982:686;Needham1983:Dy10,Needham1983:Class 4Ec (Penrhyndeudraeth style);Museum:Balleyvalley type
1112,1112.jpg,Flanged Axe,Flanged Axe,Class 5B,Class 5,Mildenhall (near),Suffolk,Eastern England,0.501417496,52.34207281,MA 6,Ipswich Museum IPSMG : 1920.51.5,Needham1983:Sf23;Pendleton1999:25,Needham1983:Class 5B
1113,1113.jpg,Flat Axe,Flat Axe,Class 4Db,Class 4,Newbury (near),Berkshire,Central England,-1.318518259,51.40454623,MA 4 and 5,"West Berkshire Museum, Newbury NEBYM : OA.254",Needham1983:Br2,Needham1983:Class 4Db
1114,1114.jpg,Low-flanged Axe,Low-flanged Axe,Class 4Eb,Class 4,"Southery, Northfield House (near)",Norfolk,Eastern England,0.37895819,52.53568302,MA 4 and 5,private ownership,Needham1983:Nf49,Needham1983:Class 4Eb
1117,1117.jpg,Flat Axe,Flat Axe,Swinton &c,Class 4,"Awre, Newyears/Viney Hill",Gloucestershire,Southwestern England,-2.503419806,51.7583567,MA 4 and 5,Gloucester Museum GLRCM : A.6304,Needham1983:Gs1;NorthoverND:82,Needham1983:Class 4Ec (Awre style);NorthoverND:Whittington/Swinton/etc type
1118,1118.jpg,Low-flanged Axe,Low-flanged Axe,Class 4Ec,Class 4,Nocton Heath,Lincolnshire,Central England,-0.490961519,53.15973368,MA 4 and 5,Lincoln City and County Museum LCNCC : 1957.73,Davey1973:9;Needham1983:Li5,Needham1983:Class 4Ec (Hilgay style)
1122,1122.jpg,Flat Axe,Flat Axe,Class 3Ad,Class 3,"North End, East Grinstead",Sussex,Central England,-0.032456067,51.13685985,MA 3,private ownership,Needham1983:Sx7,Needham1983:Class 3Ad
1127,1127.jpg,Flanged Axe,Flanged Axe,Class 5,Class 5,Ockham Common (pinewoods S of Wisley Lake/Bolder More),Surrey,Central England,-0.458292668,51.31230955,MA 6,Weybridge Museum WEGBM : unknown,Needham1983:Sy6,Needham1983:Class 5
1128,1128.jpg,Low-flanged Axe,Low-flanged Axe,Class 4Ea,Class 4,Osgodby,Lincolnshire,Central England,-0.347536531,53.41206151,MA 4 and 5,Lincoln City and County Museum LCNCC : 1969.12,Davey1973:14;Needham1983:Li8,Needham1983:Class 4Ea/5
1129,1129.jpg,Flat Axe,Flat Axe (diminutive),Class 4Ed,Class 4,"West Overton, barrow G1",Wiltshire,Southwestern England,-1.830218575,51.41049446,MA 4 and 5,"Wiltshire Museum, Devizes DZSWS : 377",AnnableSimpson1964:299;Needham1983:Wi18/1;RohlNeedham1998:55,Needham2017:Class 4F (Asterton Prolley Moor type)
1130,1130.jpg,Flanged Axe,Flanged Axe,Class 5A,Class 5,Sawston Papermills,Cambridgeshire,Eastern England,0.14825882,52.12827269,MA 6,"Museum of Archaeology and Anthropology, Cambridge CAMAA : 1883.115",Needham1983:Ca35,Needham1983:Class 5A (Papermills style)
1133,1133.jpg,Flanged Axe,Flanged Axe,Class 5B,Class 5,Plumpton Plain,Sussex,Central England,-0.065362051,50.89638913,MA 6,"British Museum BM : 1853,0412.8",Needham1983:Sx22,Needham1983:Class 5B (Syon style)
1134,1134.jpg,Flanged Axe,Flanged Axe,Class 5B,Class 5,"Plymstock, Rocky Parks Field",Devon,Southwestern England,-4.075154328,50.36287258,MA 6,"British Museum BM : 1869,1220.1",InvArch2_HawkesSmith55:GB.9.7;Needham1983:Dv8/1;Pearce1983:285,Needham1983:Class 5B (Combe style)
1135,1135.jpg,Flanged Axe,Flanged Axe,Class 5A,Class 5,"Plymstock, Rocky Parks Field",Devon,Southwestern England,-4.075154328,50.36287258,MA 6,"British Museum BM : 1869,1220.10",InvArch2_HawkesSmith55:GB.9.3;Needham1983:Dv8/10;Pearce1983:285,Needham1983:Class 5A
1136,1136.jpg,Flanged Axe,Flanged Axe,Class 5Da,Class 5,"Plymstock, Rocky Parks Field",Devon,Southwestern England,-4.075154328,50.36287258,MA 6,"British Museum BM : 1869,1220.11",InvArch2_HawkesSmith55:GB.9.10;Needham1983:Dv8/11;Pearce1983:285,Needham1983:Class 5Da (Lavington style)
1137,1137.jpg,Flanged Axe,Flanged Axe,Class 5B,Class 5,"Plymstock, Rocky Parks Field",Devon,Southwestern England,-4.075154328,50.36287258,MA 6,"British Museum BM : 1869,1220.2",InvArch2_HawkesSmith55:GB.9.1;Needham1983:Dv8/2;Pearce1983:285,Needham1983:Class 5B (Ramsgate style)
1138,1138.jpg,Flanged Axe,Flanged Axe,Class 5Ca,Class 5,"Plymstock, Rocky Parks Field",Devon,Southwestern England,-4.075154328,50.36287258,MA 6,"British Museum BM : 1869,1220.4",InvArch2_HawkesSmith55:GB.9.13;Needham1983:Dv8/4;Pearce1983:285,Needham1983:Class 5Ca
1139,1139.jpg,Flanged Axe,Flanged Axe,Class 5Da,Class 5,"Plymstock, Rocky Parks Field",Devon,Southwestern England,-4.075154328,50.36287258,MA 6,"British Museum BM : 1869,1220.5",InvArch2_HawkesSmith55:GB.9.8;Needham1983:Dv8/5;Pearce1983:285,Needham1983:Class 5Da
1140,1140.jpg,Flanged Axe,Flanged Axe,Class 5Cb,Class 5,"Plymstock, Rocky Parks Field",Devon,Southwestern England,-4.075154328,50.36287258,MA 6,"British Museum BM : 1869,1220.7",InvArch2_HawkesSmith55:GB.9.4;Needham1983:Dv8/7;Pearce1983:285,Needham1983:Class 5Cb
1141,1141.jpg,Flanged Axe,Flanged Axe,Class 5A,Class 5,"Plymstock, Rocky Parks Field",Devon,Southwestern England,-4.075154328,50.36287258,MA 6,"British Museum BM : 1869,1220.8",InvArch2_HawkesSmith55:GB.9.6;Needham1983:Dv8/8;Pearce1983:285,Needham1983:Class 5A
1142,1142.jpg,Flanged Axe,Flanged Axe,Class 5F,Class 5,"Plymstock, Rocky Parks Field",Devon,Southwestern England,-4.075154328,50.36287258,MA 6,"British Museum BM : 1869,1220.9",InvArch2_HawkesSmith55:GB.9.2;Needham1983:Dv8/9;Pearce1983:285,Needham1983:Class 5F
1143,1143.jpg,Flanged Axe,Flanged Axe,Class 5Eb,Class 5,"Plymstock, Rocky Parks Field",Devon,Southwestern England,-4.075154328,50.36287258,MA 6,"Royal Albert Memorial Museum, Exeter EXEMS : 307",InvArch2_HawkesSmith55:GB.9.16;Needham1983:Dv8/13;Pearce1983:285,Needham1983:Class 5Eb
1144,1144.jpg,Flanged Axe,Flanged Axe,Class 5Cb,Class 5,"Plymstock, Rocky Parks Field",Devon,Southwestern England,-4.075154328,50.36287258,MA 6,"Royal Albert Memorial Museum, Exeter EXEMS : 308",InvArch2_HawkesSmith55:GB.9.11;Needham1983:Dv8/14;Pearce1983:285,Needham1983:Class 5Cb
1145,1145.jpg,Flanged Axe,Flanged Axe,Class 5Eb,Class 5,"Plymstock, Rocky Parks Field",Devon,Southwestern England,-4.075154328,50.36287258,MA 6,"Royal Albert Memorial Museum, Exeter EXEMS : 309",InvArch2_HawkesSmith55:GB.9.12;Needham1983:Dv8/15;Pearce1983:285,Needham1983:Class 5Eb
1146,1146.jpg,Flanged Axe,Flanged Axe,Class 5Db,Class 5,"Plymstock, Rocky Parks Field",Devon,Southwestern England,-4.075154328,50.36287258,MA 6,"Royal Albert Memorial Museum, Exeter EXEMS : 310",InvArch2_HawkesSmith55:GB.9.15;Needham1983:Dv8/16;Pearce1983:285,Needham2017:Class 5B (Maidenhead type)
1148,1146.jpg,Flanged Axe,Flanged Axe,Class 5Ca,Class 5,Poor's Fen Farm,Cambridgeshire,Eastern England,0.308420752,52.30104237,MA 6,"Museum of Archaeology and Anthropology, Cambridge CAMAA : 1959.415",Needham1983:Ca6,Needham1983:Class 5Ca Osmington
1149,1149.jpg,Flanged Axe,Flanged Axe,Class 5A,Class 5,Poslingford Hall Farm,Suffolk,Eastern England,0.590429567,52.10634529,MA 6,"British Museum BM : 1845,0510.1",Needham1983:Sf26/1;RohlNeedham1998:86,Needham1983:Class 5A (Putney style)
1150,1150.jpg,Flanged Axe,Flanged Axe,Class 5Ca,Class 5,Poslingford Hall Farm,Suffolk,Eastern England,0.590429567,52.10634529,MA 6,"British Museum BM : 1845,0510.2",Needham1983:Sf26/2;RohlNeedham1998:87,Needham1983:Class 5Ca
1151,1151.jpg,Flanged Axe,Flanged Axe,Class 5Cb,Class 5,Poslingford Hall Farm,Suffolk,Eastern England,0.590429567,52.10634529,MA 6,"British Museum BM : 1845,0510.3",Needham1983:Sf26/3;RohlNeedham1998:88,Needham1983:Class 5Cb
1152,1152.jpg,Flanged Axe,Flanged Axe,Class 5Ca,Class 5,Poslingford Hall Farm,Suffolk,Eastern England,0.590429567,52.10634529,MA 6,"Moyse's Hall Museum, Bury St Edmunds BSEMS : F85",Needham1983:Sf26/5,Needham1983:Class 5Ca
1153,1153.jpg,Flanged Axe,Flanged Axe,Class 5Cb,Class 5,Poslingford Hall Farm,Suffolk,Eastern England,0.590429567,52.10634529,MA 6,"Moyse's Hall Museum, Bury St Edmunds BSEMS : F86",Needham1983:Sf26/6,Needham1983:Class 5Cb Milverton
1154,1154.jpg,Flanged Axe,Flanged Axe,Class 5B,Class 5,Poslingford Hall Farm,Suffolk,Eastern England,0.590429567,52.10634529,MA 6,"Moyse's Hall Museum, Bury St Edmunds BSEMS : F87",Needham1983:Sf26/7,Needham1983:Class 5B
1155,1155.jpg,Flanged Axe,Flanged Axe,Class 5Cb,Class 5,Poslingford Hall Farm,Suffolk,Eastern England,0.590429567,52.10634529,MA 6,"Moyse's Hall Museum, Bury St Edmunds BSEMS : F88",Needham1983:Sf26/8,Needham1983:Class 5Cb
1159,1159.jpg,Flat Axe,Flat Axe,3-2??,Class 3,"Reading (near, River Thames)",Berkshire,Central England,-0.979625,51.451542,MA 1 and 2,Royal Ontario Museum 908.32.8,Pryor1980:4;Needham1983:BO1,Needham1983:Class 2/3A
1160,1160.jpg,Flanged Axe,Flanged Axe,Class 5Cb,Class 5,Reepham,Lincolnshire,Central England,-0.434988358,53.25722485,MA 6,Lincoln City and County Museum LCNCC : 1906.3036,Davey1973:18;Needham1983:Li10,Needham1983:Class 5Cb Reepham
1167,1167.jpg,Low-flanged Axe,Low-flanged Axe,Class 4Ec,Class 4,"Digby, Round Hills Farm",Lincolnshire,Central England,-0.362819306,53.08589642,MA 4 and 5,Lincoln City and County Museum LCNCC : 1972.17,Davey1973:5;Needham1983:Li2/2,Needham2017:Class 4E (Whittington type);SchmidtBurgess1981:Developed (Scrabo Hill type);Needham1983:Class 4Ec (Digby style)
1168,1168.jpg,Flat Axe,Flat Axe,Class 3/4,Class 4,"Digby, Round Hills Farm",Lincolnshire,Central England,-0.362819306,53.08589642,,Lincoln City and County Museum LCNCC : 1939.25,Davey1973:6;Needham1983:Li2/1,Needham1983:Class 3/4
1169,1169.jpg,Low-flanged Axe,Low-flanged Axe,Class 3F,Class 3,"Norwich, Mile Cross, 6 Rye Close",Norfolk,Eastern England,1.277910722,52.65066481,MA 4 and 5,Norwich Castle Museum NWHCM : 1982.147.1,Needham1983:Nf45/1;RohlNeedham1998:45,Needham1983:Class 3F (Moot Low type)
1170,1170.jpg,Flanged Axe,Flanged Axe,Class 5Ca,Class 5,Salhouse,Norfolk,Eastern England,1.409112453,52.68810622,MA 6,Norwich Castle Museum NWHCM : 1894.76.754,Needham1983:Nf48/1,Needham2017:Class 5B (Ashford type)
1171,1171.jpg,Flanged Axe,Flanged Axe,Class 5B,Class 5,Salisbury,Wiltshire,Southwestern England,-1.794452513,51.06465447,MA 6,Salisbury and South Wiltshire Museum SBYWM : unknown,Needham1983:Wi14,Needham1983:Class 5B (Syon style)
1172,1172.jpg,Flanged Axe,Flanged Axe,Class 5Ca,Class 5,Salisbury Plain,Wiltshire,Southwestern England,-1.809,51.155,MA 6,Salisbury and South Wiltshire Museum SBYWM : 1996R.574 (Blackmore 12.x.2),MooreRowlands1972:6;Needham1983:Wi15,Needham1983:Class 5Ca
1173,1173.jpg,Flanged Axe,Flanged Axe,Class 5Ca,Class 5,"Fordingbridge, Sandleheath",Hampshire,Central England,-1.830383403,50.93616791,MA 6,Salisbury and South Wiltshire Museum SBYWM : 1C 3A 1,Needham1983:Ha6,Needham1983:Class 5Ca Sandleheath
1176,1176.jpg,Low-flanged Axe,Low-flanged Axe,Class 4Ec,Class 4,"Shippea Hill, Peacock's Farm",Cambridgeshire,Eastern England,0.388941625,52.43432227,MA 4 and 5,"Museum of Archaeology and Anthropology, Cambridge CAMAA : 1944.21",Needham1983:Ca27,Needham1983:Class 4Ec (Shippea style)
1177,1177.jpg,Flat Axe,Flat Axe,Class 3E,Class 3,Sibton Abbey,Suffolk,Eastern England,1.455760746,52.27527042,MA 3,Ipswich Museum IPSMG : 1934.155,Needham1983:Sf28,Needham1983:Class 3E (Cockertons style)
1178,1178.jpg,Flat Axe,Flat Axe,II/2C,Class 2,"Slade Quarry, Hawling",Gloucestershire,Southwestern England,-1.906953886,51.8920159,MA 1 and 2,Cheltenham Art Gallery and Museum CHLGM : 1936. 1,Needham1983:Gs3/1,Needham1983:Class 2C
1181,1181.jpg,Flat Axe,Flat Axe,Class 3,Class 3,"South Kyme, Sheath Wood (east of), Park Farm",Lincolnshire,Central England,-0.28079256,53.05907276,,Lincoln City and County Museum LCNCC : CL.1962.12,Davey1973:1;Needham1983:Li13,Needham1983:Class 3
1191,1191.jpg,Flat Axe,Flat Axe,3-2??,Class 3,"Stump Bottom, South Heighton",Sussex,Central England,0.077694539,50.80354389,MA 1 and 2,Brighton Museum BTNRP: R.4853/6,Needham1983:Sx25,Needham1983:Class 2/3A
1192,1192.jpg,Flanged Axe,Flanged Axe,Class 5Ca,Class 5,"Stuntney, Middle Fen",Cambridgeshire,Eastern England,0.313106117,52.39087084,MA 6,"Museum of Archaeology and Anthropology, Cambridge CAMAA : 1922.536",Needham1983:Ca13,Needham1983:Class 5Ca
1196,1196.jpg,Flat Axe,Flat Axe,Class 3D,Class 3,"Allcannings, Tan Hill",Wiltshire,Southwestern England,-1.871353398,51.37993023,MA 3,"Salisbury and South Wiltshire Museum SBYWM : unknown (Goddard 100, Blackmore 10.x.1)",MooreRowlands1972:5;Needham1983:Wi1,Needham1983:Class 3D
1198,1198.jpg,Low-flanged Axe,Low-flanged Axe,Class 4B,Class 4,"Tattershall, Tattershall Carr Wood",Lincolnshire,Central England,-0.179396128,53.11559663,MA 4 and 5,Lincoln City and County Museum LCNCC : CL.1976.6,Needham1983:Li16,Needham1983:Class 4B (Tattershall style)
1200,1200.jpg,Flat Axe,Flat Axe,Class 4Aa,Class 4,"Stockton, The Bake (N of Wylye Down Farm)",Wiltshire,Southwestern England,-2.016379544,51.11743729,MA 3,Salisbury and South Wiltshire Museum SBYWM : 1955.39,MooreRowlands1972:1;Needham1983:Wi16,Needham2017:Class 4A (Kettering type)
1202,1202.jpg,Flat Axe,Flat Axe,II/2B,Class 2,"Little Wenlock, The Wrekin",Shropshire,Central England,-2.526444254,52.67303485,MA 1 and 2,Shrewsbury Museums Service SHYMS : A/2003/021 (B1),Needham1983:Sp7;NorthoverND:15,NMW:Class 2A (Burley Camp type?)?;NorthoverND:Growtown type;Needham1983:Class 2/3A
1203,1203.jpg,Flat Axe,Flat Axe,Class 3Ab,Class 3,"Methwold, Thorham Road",Norfolk,Eastern England,0.541578997,52.53005346,MA 3,Norwich Castle Museum NWHCM : 1963.379,Needham1983:Nf39,Needham1983:Class 3Ab (Bradenham style)
1204,1204.jpg,Flanged Axe,Flanged Axe,Class 5Cc,Class 5,"North Owersby, Thornton Carrs",Lincolnshire,Central England,-0.460533721,53.44319189,MA 6,Lincoln City and County Museum LCNCC : CL.1979.10,Needham1983:Li9/1,Needham1983:Class 5Cc
1205,1205.jpg,Flanged Axe,Flanged Axe,Class 5,Class 5,"North Owersby, Thornton Carrs",Lincolnshire,Central England,-0.460533721,53.44319189,MA 6,Lincoln City and County Museum LCNCC : CL.1979.11,Needham1983:Li9/2,Needham1983:Class 5
1207,1207.jpg,Flat Axe,Flat Axe,Class 4B,Class 4,"Bitterley/Caynham, Titterstone Clee (N side, near Dhustone Quarry)",Shropshire,Central England,-2.601584729,52.3827492,MA 4 and 5,Shrewsbury Museums Service SHYMS : A/2003/205 (B3),Needham1983:Sp3/1;NorthoverND:59;Needham2017:54,Needham2017:Class 4B (Aylesford type);NMW:Class 4B (Aylesford type);NorthoverND:Aylesford/Newport type;Needham1983:Class 4B (Titterstone style)
1208,1208.jpg,Flat Axe,Flat Axe,Class 4B,Class 4,"Tregonjeeves Quarry, St Austell",Cornwall,Southwestern England,-4.810001,50.329438,MA 4 and 5,"Royal Cornwall Museum, Truro TRURI : 1969.7",Needham1983:Cw6;Pearce1983:6;Knight2018:RCM-F044,Needham1983:Class 4B (Tregonjeeves style)
1209,1209.jpg,Low-flanged Axe,Low-flanged Axe,Class 4E,Class 4,"Trenovissick, St Blazey",Cornwall,Southwestern England,-4.727978,50.344886,MA 4 and 5,"Royal Cornwall Museum, Truro TRURI : 1922.92.1",Needham1983:Cw7/1;Pearce1983:7;Knight2018:RCM-F047,Needham1983:Class 4Ec
1210,1210.jpg,Low-flanged Axe,Low-flanged Axe,Class 4,Class 4,"Trenovissick, St Blazey",Cornwall,Southwestern England,-4.727978,50.344886,MA 4 and 5,"Royal Cornwall Museum, Truro TRURI : 1922.92.2",Needham1983:Cw7/2;Pearce1983:7;RohlNeedham1998:54;Knight2018:RCM-F047,Needham1983:Class 4
1216,1216.jpg,Low-flanged Axe,Low-flanged Axe,Class 4Ec,Class 4,"Walcott, Walcott Commons",Lincolnshire,Central England,-0.335783207,53.09001646,MA 4 and 5,Lincoln City and County Museum LCNCC : 1961.54,Davey1973:12;Needham1983:Li17,Needham1983:Class 4Ec
1217,1217.jpg,Flat Axe,Flat Axe (diminutive),Class 2D,Class 2,Wallingford,Berkshire,Central England,-1.127881724,51.6011004,,Reading Museum REDMG : 1948.64.1,Needham1983:Br6,Needham2017:Class 2D (Halberton type)
1223,1223.jpg,Flat Axe,Flat Axe,Class 4Eb,Class 4,Westbere Marshes,Kent,Eastern England,1.14743727,51.30128311,MA 4 and 5,Canterbury Museum CANCM : 6324,Needham1983:Kt14,Needham1983:Class 4Eb
1224,1224.jpg,Flanged Axe,Flanged Axe,Class 5C,Class 5,"Westbury-on-Trym, Coombe Dingle",Gloucestershire,Southwestern England,-2.638994832,51.4936652,MA 6,Bristol Museum BRSMG : E1728,NorthoverND:104;Needham1983:Av6/1,NorthoverND:Long-flanged (Arreton type and cf);Needham1983:Class 5C
1225,1225.jpg,Flanged Axe,Flanged Axe,Class 5Ca,Class 5,"Westbury-on-Trym, Coombe Dingle",Gloucestershire,Southwestern England,-2.638994832,51.4936652,MA 6,Bristol Museum BRSMG : E1729,NorthoverND:105;Needham1983:Av6/2,NorthoverND:Long-flanged (Arreton type and cf);Needham1983:Class 5Ca
1226,1226.jpg,Flanged Axe,Flanged Axe,,Class 5,"Westbury-on-Trym, Coombe Dingle",Gloucestershire,Southwestern England,-2.638994832,51.4936652,MA 6,Bristol Museum BRSMG : E1730,NorthoverND:119;Needham1983:Av6/3,NorthoverND:Other flanged;Needham1983:Class 5Da
1227,1227.jpg,Flanged Axe,Flanged Axe,Class 5Da,Class 5,Weybridge (River Thames),Surrey,Central England,-0.456792403,51.37838404,MA 6,Museum of London LDMOL : 49.107/809,Needham1983:Sy8,Needham1983:Class 5Da (Lavington style)
1230,1230.jpg,Flanged Axe,Flanged Axe,Class 5Eb,Class 5,Whittlesey Mere,Cambridgeshire,Eastern England,-0.120591124,52.56040512,MA 6,Peterborough Museum and Art Gallery PETMG : L.657,Needham1983:Ca41,Needham1983:Class 5Eb (reworked)
1231,1231.jpg,Low-flanged Axe,Low-flanged Axe,Class 4Ec,Class 4,Wicken Fen,Cambridgeshire,Eastern England,0.2653787,52.31986002,MA 4 and 5,"Museum of Archaeology and Anthropology, Cambridge CAMAA : Z 4264",Needham1983:Ca42,Needham1983:Class 4Ec
1233,1233.jpg,Flanged Axe,Flanged Axe,Class 5,Class 5,"Mildenhall, Wilde Street",Suffolk,Eastern England,0.502790449,52.37936183,MA 6,Ipswich Museum IPSMG : 1920.51.13,Needham1983:Sf20;Pendleto